{
  "model": "meta-llama/Llama-3.1-8B",
  "model_path": "meta-llama/Llama-3.1-8B",
  "layer": 14,
  "sae_path": "llama_scope_lxr_8x:l14r_8x",
  "K": 3,
  "gamma": 0.9,
  "n_graph_nodes": 200,
  "overall_iia": 0.104321608040201,
  "cluster_iia": {
    "0": 0.9101479915433404,
    "1": 0.9116809116809117,
    "2": 0.06686046511627906
  },
  "cluster_sizes": {
    "0": 44,
    "1": 27,
    "2": 129
  },
  "cluster_labels": [
    2,
    2,
    2,
    2,
    0,
    1,
    1,
    2,
    0,
    2,
    2,
    2,
    1,
    2,
    2,
    2,
    0,
    1,
    2,
    2,
    2,
    1,
    0,
    2,
    0,
    0,
    2,
    1,
    2,
    0,
    2,
    2,
    2,
    2,
    2,
    2,
    2,
    2,
    2,
    1,
    2,
    1,
    2,
    0,
    0,
    2,
    2,
    2,
    1,
    2,
    0,
    2,
    0,
    0,
    0,
    2,
    0,
    2,
    2,
    2,
    1,
    1,
    2,
    0,
    1,
    2,
    2,
    2,
    0,
    2,
    2,
    2,
    0,
    1,
    0,
    2,
    0,
    2,
    2,
    2,
    2,
    0,
    2,
    0,
    0,
    2,
    2,
    2,
    1,
    0,
    2,
    1,
    2,
    1,
    0,
    2,
    2,
    2,
    2,
    2,
    1,
    2,
    2,
    2,
    2,
    2,
    0,
    2,
    2,
    0,
    0,
    2,
    2,
    2,
    2,
    2,
    2,
    0,
    0,
    2,
    2,
    0,
    2,
    2,
    2,
    2,
    2,
    1,
    0,
    2,
    2,
    2,
    2,
    2,
    2,
    2,
    0,
    1,
    1,
    2,
    2,
    2,
    2,
    2,
    2,
    0,
    2,
    2,
    2,
    2,
    2,
    2,
    2,
    0,
    1,
    2,
    2,
    2,
    1,
    0,
    2,
    2,
    0,
    2,
    2,
    2,
    2,
    1,
    0,
    2,
    2,
    2,
    1,
    2,
    2,
    2,
    0,
    2,
    2,
    2,
    2,
    2,
    2,
    1,
    0,
    1,
    2,
    2,
    2,
    2,
    2,
    1,
    2,
    0,
    2,
    0,
    0,
    0,
    0,
    2
  ],
  "train_accuracy": 0.95,
  "test_accuracy": 0.875,
  "classification_report": {
    "Cluster 0": {
      "precision": 0.8571428571428571,
      "recall": 0.6666666666666666,
      "f1-score": 0.75,
      "support": 9.0
    },
    "Cluster 1": {
      "precision": 0.8,
      "recall": 0.8,
      "f1-score": 0.8,
      "support": 5.0
    },
    "Cluster 2": {
      "precision": 0.8928571428571429,
      "recall": 0.9615384615384616,
      "f1-score": 0.9259259259259259,
      "support": 26.0
    },
    "accuracy": 0.875,
    "macro avg": {
      "precision": 0.85,
      "recall": 0.8094017094017095,
      "f1-score": 0.8253086419753086,
      "support": 40.0
    },
    "weighted avg": {
      "precision": 0.8732142857142857,
      "recall": 0.875,
      "f1-score": 0.8706018518518519,
      "support": 40.0
    }
  },
  "differential_features_per_cluster": {
    "0": {
      "n_samples": 44,
      "top_differential_features": [
        25714,
        18720,
        2557,
        9283,
        14348,
        12686,
        18187,
        3873,
        17650,
        32700,
        16367,
        18178,
        20772,
        9142,
        27897,
        8427,
        10001,
        20083,
        30368,
        30686
      ],
      "differential_mean": [
        3.039543628692627,
        2.754368782043457,
        1.4100513458251953,
        1.3112637996673584,
        1.1192958354949951,
        1.052649736404419,
        0.9926774501800537,
        0.9494518041610718,
        0.9008288979530334,
        0.89081209897995,
        0.8635764122009277,
        0.8442943096160889,
        0.7471917271614075,
        0.7455896139144897,
        0.7340875267982483,
        0.7270393371582031,
        0.6897090673446655,
        0.6417706608772278,
        0.6292635202407837,
        0.615943193435669
      ],
      "mean_in_cluster": [
        4.179622173309326,
        6.376724720001221,
        1.7696223258972168,
        2.4434783458709717,
        1.3298600912094116,
        1.3708857297897339,
        1.091042160987854,
        1.357175588607788,
        1.0605932474136353,
        1.4072293043136597,
        2.3171451091766357,
        1.0976064205169678,
        0.8420311212539673,
        0.7455896139144897,
        0.8777363300323486,
        1.2138859033584595,
        0.8193135857582092,
        0.691558301448822,
        2.579033136367798,
        0.7920427322387695
      ],
      "mean_in_other_clusters": [
        1.1400786638259888,
        3.6223559379577637,
        0.35957100987434387,
        1.1322145462036133,
        0.21056430041790009,
        0.31823599338531494,
        0.09836471080780029,
        0.4077238142490387,
        0.1597643345594406,
        0.5164172053337097,
        1.453568696975708,
        0.2533121109008789,
        0.09483940899372101,
        0.0,
        0.14364878833293915,
        0.48684653639793396,
        0.1296045333147049,
        0.04978761821985245,
        1.9497696161270142,
        0.1760995090007782
      ],
      "firing_rate_in_cluster": [
        0.6363636363636364,
        1.0,
        0.22727272727272727,
        0.22727272727272727,
        0.4772727272727273,
        0.36363636363636365,
        0.25,
        0.38636363636363635,
        0.29545454545454547,
        0.36363636363636365,
        0.7954545454545454,
        0.3181818181818182,
        0.13636363636363635,
        0.09090909090909091,
        0.18181818181818182,
        0.25,
        0.20454545454545456,
        0.13636363636363635,
        0.7954545454545454,
        0.1590909090909091
      ],
      "firing_rate_in_other": [
        0.28205128205128205,
        0.9102564102564102,
        0.057692307692307696,
        0.1794871794871795,
        0.07692307692307693,
        0.09615384615384616,
        0.02564102564102564,
        0.14102564102564102,
        0.04487179487179487,
        0.16025641025641027,
        0.5448717948717948,
        0.08974358974358974,
        0.019230769230769232,
        0.0,
        0.04487179487179487,
        0.12179487179487179,
        0.03205128205128205,
        0.01282051282051282,
        0.6858974358974359,
        0.04487179487179487
      ]
    },
    "1": {
      "n_samples": 27,
      "top_differential_features": [
        9055,
        17857,
        4254,
        18248,
        22524,
        20193,
        27415,
        11255,
        14514,
        13364,
        25714,
        15254,
        11029,
        24662,
        4560,
        16021,
        32736,
        25222,
        30368,
        5813
      ],
      "differential_mean": [
        5.047039985656738,
        1.7176300287246704,
        1.5761175155639648,
        1.3540587425231934,
        1.0970523357391357,
        1.0367119312286377,
        0.9807648658752441,
        0.8923687934875488,
        0.8900250196456909,
        0.8290369510650635,
        0.7838987112045288,
        0.7807717323303223,
        0.6686325073242188,
        0.6624743938446045,
        0.6204262971878052,
        0.5082944631576538,
        0.49988579750061035,
        0.453814297914505,
        0.4457101821899414,
        0.43126654624938965
      ],
      "mean_in_cluster": [
        5.413041114807129,
        1.7950034141540527,
        4.577077865600586,
        5.393680095672607,
        1.4152649641036987,
        2.5312581062316895,
        2.0031073093414307,
        1.1010178327560425,
        2.1742618083953857,
        1.6639372110366821,
        2.4868505001068115,
        3.7975881099700928,
        18.771108627319336,
        1.1226965188980103,
        1.11899733543396,
        0.8344317078590393,
        2.821251153945923,
        0.707733690738678,
        2.4737467765808105,
        1.447162389755249
      ],