{
  "model": "meta-llama/Llama-3.1-8B",
  "model_path": "meta-llama/Llama-3.1-8B",
  "layer": 14,
  "sae_path": "llama_scope_lxr_8x:l14r_8x",
  "K": 2,
  "gamma": 0.8,
  "n_graph_nodes": 200,
  "overall_iia": 0.104321608040201,
  "cluster_iia": {
    "0": 0.8018707482993197,
    "1": 0.08688741721854305
  },
  "cluster_sizes": {
    "0": 49,
    "1": 151
  },
  "cluster_labels": [
    1,
    1,
    1,
    1,
    0,
    1,
    1,
    0,
    0,
    1,
    1,
    1,
    1,
    1,
    1,
    1,
    0,
    1,
    1,
    1,
    1,
    1,
    0,
    1,
    0,
    0,
    1,
    1,
    1,
    0,
    1,
    1,
    1,
    1,
    0,
    1,
    1,
    1,
    1,
    1,
    1,
    1,
    1,
    0,
    0,
    1,
    1,
    1,
    1,
    1,
    0,
    1,
    0,
    0,
    0,
    1,
    0,
    1,
    1,
    1,
    1,
    1,
    1,
    0,
    1,
    1,
    1,
    1,
    0,
    1,
    1,
    1,
    0,
    1,
    0,
    1,
    0,
    1,
    1,
    1,
    1,
    0,
    1,
    0,
    0,
    1,
    1,
    1,
    1,
    0,
    1,
    1,
    1,
    1,
    0,
    1,
    1,
    1,
    0,
    1,
    1,
    1,
    1,
    1,
    1,
    1,
    0,
    1,
    1,
    0,
    0,
    1,
    1,
    1,
    1,
    1,
    1,
    0,
    0,
    1,
    1,
    0,
    1,
    1,
    1,
    1,
    1,
    1,
    0,
    1,
    1,
    1,
    1,
    1,
    1,
    1,
    0,
    1,
    1,
    1,
    1,
    1,
    1,
    1,
    1,
    0,
    1,
    1,
    1,
    1,
    1,
    1,
    1,
    0,
    1,
    1,
    0,
    1,
    1,
    0,
    1,
    1,
    0,
    1,
    1,
    1,
    1,
    1,
    0,
    1,
    1,
    1,
    1,
    1,
    1,
    1,
    0,
    1,
    0,
    1,
    1,
    1,
    1,
    1,
    0,
    1,
    0,
    1,
    1,
    1,
    1,
    1,
    1,
    1,
    1,
    0,
    0,
    0,
    0,
    1
  ],
  "train_accuracy": 0.95625,
  "test_accuracy": 0.95,
  "classification_report": {
    "Cluster 0": {
      "precision": 0.9,
      "recall": 0.9,
      "f1-score": 0.9,
      "support": 10.0
    },
    "Cluster 1": {
      "precision": 0.9666666666666667,
      "recall": 0.9666666666666667,
      "f1-score": 0.9666666666666667,
      "support": 30.0
    },
    "accuracy": 0.95,
    "macro avg": {
      "precision": 0.9333333333333333,
      "recall": 0.9333333333333333,
      "f1-score": 0.9333333333333333,
      "support": 40.0
    },
    "weighted avg": {
      "precision": 0.95,
      "recall": 0.95,
      "f1-score": 0.95,
      "support": 40.0
    }
  },
  "differential_features_per_cluster": {
    "0": {
      "n_samples": 49,
      "top_differential_features": [
        25714,
        18720,
        9283,
        2557,
        14348,
        18187,
        12686,
        16367,
        3873,
        18178,
        32700,
        17650,
        8427,
        29007,
        9142,
        20772,
        27897,
        30686,
        27601,
        10001
      ],
      "differential_mean": [
        3.152909278869629,
        2.6416966915130615,
        1.8135749101638794,
        1.3655471801757812,
        1.1244713068008423,
        0.9456061124801636,
        0.9022257328033447,
        0.8583494424819946,
        0.8550978899002075,
        0.8411617279052734,
        0.8164151906967163,
        0.7873148918151855,
        0.7799655199050903,
        0.7208438515663147,
        0.6695090532302856,
        0.6581298112869263,
        0.6397660374641418,
        0.609255850315094,
        0.605575680732727,
        0.6018140316009521
      ],
      "mean_in_cluster": [
        4.189224720001221,
        6.222797393798828,
        2.7899417877197266,
        1.7007704973220825,
        1.3057851791381836,
        1.030686378479004,
        1.2309993505477905,
        2.291609287261963,
        1.2622021436691284,
        1.0741339921951294,
        1.3287893533706665,
        0.9523694515228271,
        1.2356691360473633,
        0.7563461065292358,
        0.6695090532302856,
        0.7561095952987671,
        0.7881714105606079,
        0.7715951800346375,
        0.768720805644989,
        0.7357101440429688
      ],
      "mean_in_other_clusters": [
        1.0363154411315918,
        3.5811007022857666,
        0.9763668775558472,
        0.3352232575416565,
        0.1813138872385025,
        0.08508024364709854,
        0.3287735879421234,
        1.4332598447799683,
        0.4071042239665985,
        0.23297224938869476,
        0.5123741626739502,
        0.1650545448064804,
        0.45570364594459534,
        0.03550224378705025,
        0.0,
        0.09797978401184082,
        0.14840537309646606,
        0.16233934462070465,
        0.16314509510993958,
        0.1338960826396942
      ],
      "firing_rate_in_cluster": [
        0.6530612244897959,
        0.9795918367346939,
        0.2653061224489796,
        0.22448979591836735,
        0.46938775510204084,
        0.24489795918367346,
        0.32653061224489793,
        0.7959183673469388,
        0.3673469387755102,
        0.32653061224489793,
        0.3469387755102041,
        0.2653061224489796,
        0.24489795918367346,
        0.20408163265306123,
        0.08163265306122448,
        0.12244897959183673,
        0.16326530612244897,
        0.16326530612244897,
        0.20408163265306123,
        0.1836734693877551
      ],
      "firing_rate_in_other": [
        0.26490066225165565,
        0.9139072847682119,
        0.16556291390728478,
        0.052980132450331126,
        0.06622516556291391,
        0.019867549668874173,
        0.09933774834437085,
        0.5364238410596026,
        0.1390728476821192,
        0.07947019867549669,
        0.15894039735099338,
        0.046357615894039736,
        0.11920529801324503,
        0.013245033112582781,
        0.0,
        0.019867549668874173,
        0.046357615894039736,
        0.039735099337748346,
        0.052980132450331126,
        0.033112582781456956
      ]
    },
    "1": {
      "n_samples": 151,
      "top_differential_features": [
        18248,
        15254,
        11029,
        10647,
        2562,
        9055,
        8067,
        13553,
        12135,
        22645,
        275,
        24297,
        21831,
        4560,
        16885,
        4254,
        11851,
        14870,
        15928,
        19320
      ],
      "differential_mean": [
        4.977097988128662,
        2.0961074829101562,
        1.8310298919677734,
        1.6879112720489502,
        1.493127465248108,
        1.3872206211090088,
        1.123407006263733,
        1.0118722915649414,
        0.969682514667511,
        0.9370908737182617,
        0.8907922506332397,
        0.8683558702468872,
        0.801081657409668,
        0.7712961435317993,
        0.7103632688522339,
        0.6595213413238525,
        0.6507296562194824,
        0.6267691850662231,
        0.5972912311553955,
        0.5474995970726013
      ],
      "mean_in_cluster": [
        5.441808223724365,
        3.6357672214508057,
        18.641345977783203,
        2.998967409133911,
        2.6042118072509766,
        1.3872206211090088,
        2.215813636779785,
        1.4304624795913696,
        1.7852894067764282,
        3.9861176013946533,
        1.0927205085754395,
        1.4994755983352661,
        1.7702878713607788,
        0.7712961435317993,
        0.9015670418739319,
        3.375319004058838,
        6.820141315460205,
        0.6267691850662231,
        2.914762496948242,
        0.5474995970726013
      ],
      "mean_in_other_clusters": [
        0.46471044421195984,
        1.5396597385406494,
        16.81031608581543,
        1.311056137084961,
        1.1110843420028687,
        0.0,
        1.0924066305160522,
        0.418590247631073,
        0.8156068921089172,
        3.0490267276763916,
        0.2019282579421997,
        0.6311197280883789,
        0.9692062139511108,
        0.0,
        0.1912037581205368,
        2.7157976627349854,
        6.169411659240723,
        0.0,
        2.3174712657928467,
        0.0
      ],