{
  "Continent": {
    "n_pairs": 300,
    "iia": 0.013333333333333334
  },
  "Country": {
    "n_pairs": 300,
    "iia": 0.05
  },
  "Language": {
    "n_pairs": 300,
    "iia": 0.09333333333333334
  },
  "Latitude": {
    "n_pairs": 300,
    "iia": 0.02666666666666667
  },
  "Longitude": {
    "n_pairs": 300,
    "iia": 0.023333333333333334
  },
  "Timezone": {
    "n_pairs": 300,
    "iia": 0.013333333333333334
  }
}