{
  "task": "filling_liquids",
  "num_groups": 10,
  "model": "google/gemma-2-2b-it",
  "layer": 15,
  "classifier_path": "Entity_Binding/hypothesis_testing/partition_results/PCA_results/pca_analysis_layer_15.pkl",
  "classifier_metadata": {
    "top_feature_indices": null,
    "n_features_used": 10,
    "n_nonzero_features": 10,
    "train_accuracy": 0.9012345679012346,
    "test_accuracy": 0.9215686274509803,
    "n_train_samples": 405,
    "n_test_samples": 102,
    "classification_report": {
      "Cluster 0": {
        "precision": 0.90625,
        "recall": 0.8529411764705882,
        "f1-score": 0.8787878787878788,
        "support": 34.0
      },
      "Cluster 1": {
        "precision": 0.9285714285714286,
        "recall": 0.9558823529411765,
        "f1-score": 0.9420289855072463,
        "support": 68.0
      },
      "accuracy": 0.9215686274509803,
      "macro avg": {
        "precision": 0.9174107142857143,
        "recall": 0.9044117647058824,
        "f1-score": 0.9104084321475625,
        "support": 102.0
      },
      "weighted avg": {
        "precision": 0.9211309523809523,
        "recall": 0.9215686274509803,
        "f1-score": 0.9209486166007904,
        "support": 102.0
      }
    },
    "cluster_0_id": 0,
    "cluster_1_id": 1,
    "mode": "pca-l1",
    "n_components": 10,
    "C": 0.01,
    "max_iter": 1000,
    "variance_explained": 0.7388413548469543,
    "n_features": 10
  },
  "initial_sample_size": null,
  "filtered_dataset_path": "Entity_Binding/hypothesis_testing/classifier_filter_results/filtered_dataset_filling_liquids_15_10_200_google_gemma-2-2b-it.pkl",
  "graph_path": "Entity_Binding/hypothesis_testing/classifier_filter_results/graph_whole_filling_liquids_15_10_200_google_gemma-2-2b-it.pkl",
  "after_model_filtering": 199,
  "cluster_kept": 0,
  "cluster_filtered": 1,
  "count_cluster_kept": 69,
  "count_cluster_filtered": 130,
  "prediction_distribution": {
    "0": 69,
    "1": 130
  },
  "iia_whole_graph": 0.4634536317953403,
  "undirected_density_whole_graph": 0.22044566265671794,
  "iia_kept_cluster": 0.8942881500426257,
  "undirected_density_kept_cluster": 0.80306905370844,
  "iia_filtered_out_cluster": 0.24007155635062613,
  "undirected_density_filtered_out_cluster": 0.07227191413237925,
  "cluster_labels": [
    1,
    1,
    1,
    0,
    1,
    0,
    0,
    1,
    1,
    0,
    0,
    1,
    1,
    0,
    1,
    0,
    1,
    0,
    0,
    1,
    1,
    0,
    1,
    0,
    1,
    1,
    1,
    0,
    1,
    1,
    1,
    1,
    1,
    1,
    0,
    1,
    1,
    0,
    1,
    0,
    1,
    1,
    0,
    0,
    0,
    1,
    1,
    1,
    0,
    1,
    1,
    0,
    1,
    1,
    0,
    0,
    1,
    0,
    1,
    1,
    0,
    1,
    0,
    0,
    1,
    1,
    1,
    1,
    0,
    1,
    1,
    1,
    1,
    1,
    1,
    1,
    0,
    1,
    0,
    0,
    1,
    1,
    1,
    1,
    1,
    1,
    1,
    1,
    0,
    0,
    1,
    0,
    1,
    0,
    1,
    1,
    1,
    0,
    0,
    1,
    1,
    1,
    1,
    0,
    1,
    1,
    1,
    1,
    0,
    0,
    1,
    1,
    0,
    1,
    1,
    1,
    1,
    1,
    1,
    0,
    1,
    1,
    0,
    1,
    1,
    0,
    1,
    0,
    1,
    1,
    1,
    1,
    1,
    0,
    1,
    0,
    1,
    1,
    0,
    1,
    1,
    1,
    1,
    1,
    1,
    0,
    1,
    0,
    1,
    1,
    1,
    0,
    1,
    1,
    1,
    0,
    0,
    1,
    0,
    1,
    0,
    0,
    0,
    1,
    0,
    1,
    1,
    1,
    1,
    0,
    1,
    1,
    0,
    1,
    0,
    1,
    1,
    1,
    0,
    0,
    0,
    1,
    0,
    1,
    0,
    1,
    1,
    1,
    1,
    0,
    1,
    1,
    0,
    0,
    1,
    1,
    1,
    0,
    1
  ]
}