{
  "task": "filling_liquids",
  "num_groups": 10,
  "model": "google/gemma-2-2b-it",
  "layer": 15,
  "classifier_path": "partition_results/SAE_Gemma2_results/sae_classifier_15_10.pkl",
  "classifier_metadata": {
    "top_feature_indices": [
      381,
      3820,
      857,
      14608,
      4311,
      16320,
      2460,
      15046,
      6518,
      1355
    ],
    "cluster_0_id": 0,
    "cluster_1_id": 1,
    "n_features": 10
  },
  "initial_sample_size": 200,
  "filtered_dataset_path": null,
  "graph_path": null,
  "after_model_filtering": 199,
  "cluster_kept": 0,
  "cluster_filtered": 1,
  "count_cluster_kept": 63,
  "count_cluster_filtered": 136,
  "prediction_distribution": {
    "0": 63,
    "1": 136
  },
  "iia_whole_graph": 0.4634536317953403,
  "undirected_density_whole_graph": 0.22044566265671794,
  "iia_kept_cluster": 0.921146953405018,
  "undirected_density_kept_cluster": 0.851510496671787,
  "iia_filtered_out_cluster": 0.2547930283224401,
  "undirected_density_filtered_out_cluster": 0.08028322440087146,
  "cluster_labels": [
    1,
    0,
    1,
    0,
    0,
    0,
    1,
    1,
    1,
    0,
    1,
    1,
    1,
    0,
    1,
    0,
    1,
    0,
    0,
    1,
    1,
    0,
    1,
    0,
    1,
    1,
    1,
    0,
    1,
    1,
    1,
    1,
    1,
    1,
    0,
    1,
    1,
    0,
    1,
    0,
    1,
    1,
    1,
    1,
    1,
    1,
    1,
    0,
    0,
    1,
    1,
    0,
    1,
    1,
    1,
    0,
    1,
    0,
    1,
    1,
    0,
    1,
    0,
    1,
    1,
    1,
    1,
    1,
    0,
    1,
    1,
    1,
    1,
    1,
    1,
    1,
    0,
    1,
    0,
    0,
    1,
    1,
    1,
    1,
    1,
    1,
    1,
    1,
    0,
    0,
    1,
    0,
    1,
    0,
    1,
    1,
    1,
    0,
    0,
    1,
    1,
    1,
    1,
    0,
    1,
    1,
    1,
    1,
    0,
    0,
    1,
    1,
    0,
    1,
    1,
    1,
    1,
    1,
    1,
    0,
    1,
    1,
    0,
    1,
    1,
    0,
    0,
    0,
    1,
    1,
    0,
    1,
    1,
    0,
    1,
    0,
    0,
    1,
    0,
    0,
    1,
    1,
    1,
    1,
    1,
    0,
    1,
    1,
    1,
    1,
    1,
    0,
    1,
    1,
    1,
    1,
    0,
    1,
    1,
    1,
    0,
    0,
    1,
    1,
    1,
    1,
    1,
    1,
    1,
    0,
    1,
    1,
    0,
    1,
    0,
    1,
    1,
    1,
    0,
    0,
    0,
    1,
    0,
    1,
    0,
    1,
    1,
    1,
    1,
    0,
    1,
    1,
    0,
    0,
    1,
    1,
    1,
    1,
    1
  ]
}