{
  "task": "filling_liquids",
  "num_groups": 10,
  "model": "google/gemma-2-2b-it",
  "layer": 15,
  "partition_metadata": {
    "cluster_0_id": 0,
    "cluster_1_id": 1,
    "partition_info": {
      "keep_indices": [
        0,
        1,
        2,
        9
      ],
      "cluster_0_query_groups": [
        0,
        1,
        2,
        9
      ],
      "cluster_1_query_groups": [
        3,
        4,
        5,
        6,
        7,
        8
      ]
    },
    "num_groups": 10
  },
  "initial_sample_size": null,
  "filtered_dataset_path": "./classifier_filter_results/filtered_dataset_filling_liquids_15_10_200_google_gemma-2-2b-it.pkl",
  "graph_path": "./classifier_filter_results/graph_whole_filling_liquids_15_10_200_google_gemma-2-2b-it.pkl",
  "after_model_filtering": 199,
  "cluster_kept": 0,
  "cluster_filtered": 1,
  "count_cluster_kept": 79,
  "count_cluster_filtered": 120,
  "partition_distribution": {
    "0": 79,
    "1": 120
  },
  "iia_whole_graph": 0.4634536317953403,
  "undirected_density_whole_graph": 0.22044566265671794,
  "iia_kept_cluster": 0.9003570269393054,
  "undirected_density_kept_cluster": 0.8114248620577734,
  "iia_filtered_out_cluster": 0.1899859943977591,
  "undirected_density_filtered_out_cluster": 0.053361344537815124,
  "cluster_labels": [
    1,
    0,
    1,
    0,
    0,
    0,
    1,
    0,
    1,
    0,
    0,
    1,
    1,
    0,
    0,
    0,
    1,
    0,
    0,
    1,
    1,
    0,
    1,
    0,
    1,
    1,
    1,
    0,
    1,
    1,
    1,
    1,
    1,
    1,
    0,
    1,
    1,
    0,
    1,
    0,
    1,
    1,
    1,
    1,
    0,
    1,
    1,
    0,
    0,
    0,
    1,
    0,
    1,
    1,
    1,
    0,
    1,
    0,
    1,
    1,
    0,
    1,
    0,
    0,
    1,
    1,
    1,
    1,
    0,
    1,
    1,
    1,
    1,
    1,
    1,
    1,
    0,
    1,
    0,
    0,
    1,
    1,
    1,
    1,
    1,
    1,
    1,
    0,
    0,
    0,
    1,
    0,
    1,
    0,
    1,
    1,
    1,
    0,
    0,
    1,
    1,
    0,
    1,
    0,
    1,
    1,
    1,
    1,
    0,
    0,
    1,
    1,
    0,
    1,
    1,
    1,
    1,
    1,
    1,
    0,
    1,
    1,
    0,
    1,
    1,
    0,
    0,
    0,
    0,
    1,
    0,
    1,
    1,
    0,
    0,
    0,
    1,
    1,
    0,
    0,
    1,
    1,
    1,
    1,
    1,
    0,
    1,
    0,
    1,
    1,
    1,
    0,
    1,
    1,
    1,
    0,
    0,
    1,
    0,
    1,
    0,
    0,
    1,
    1,
    0,
    1,
    1,
    1,
    1,
    0,
    1,
    1,
    0,
    1,
    0,
    1,
    1,
    1,
    0,
    0,
    0,
    1,
    0,
    1,
    0,
    1,
    0,
    1,
    1,
    0,
    1,
    1,
    0,
    0,
    1,
    1,
    1,
    0,
    0
  ]
}