{
    "op5": {
        "L7_P81": 0.6925,
        "L7_P77": 0.81
    },
    "op4": {
        "L7_P81": 0.9921875,
        "L5_P78": 0.8723958333333334
    }
}