{
  "model": "meta-llama/Llama-3.1-8B",
  "model_path": "meta-llama/Llama-3.1-8B",
  "layer": 14,
  "sae_path": "llama_scope_lxr_8x:l14r_8x",
  "K": 4,
  "gamma": 0.99,
  "n_graph_nodes": 200,
  "overall_iia": 0.104321608040201,
  "cluster_iia": {
    "0": 0.9915966386554622,
    "1": 0.9913419913419913,
    "2": 1.0,
    "3": 0.06686664166979128
  },
  "cluster_sizes": {
    "0": 35,
    "1": 22,
    "2": 16,
    "3": 127
  },
  "cluster_labels": [
    3,
    3,
    3,
    2,
    0,
    1,
    3,
    3,
    0,
    3,
    2,
    3,
    1,
    3,
    3,
    3,
    0,
    1,
    3,
    3,
    2,
    1,
    3,
    3,
    0,
    0,
    2,
    1,
    3,
    0,
    3,
    3,
    3,
    3,
    3,
    3,
    3,
    3,
    3,
    1,
    3,
    1,
    3,
    0,
    0,
    3,
    3,
    3,
    1,
    3,
    0,
    3,
    3,
    0,
    0,
    3,
    0,
    3,
    3,
    3,
    3,
    1,
    3,
    0,
    1,
    3,
    3,
    3,
    0,
    3,
    3,
    3,
    0,
    3,
    0,
    3,
    0,
    3,
    3,
    3,
    3,
    0,
    2,
    0,
    0,
    3,
    3,
    3,
    1,
    3,
    3,
    1,
    3,
    3,
    3,
    3,
    3,
    3,
    3,
    3,
    1,
    3,
    3,
    3,
    3,
    2,
    3,
    3,
    3,
    0,
    3,
    3,
    3,
    3,
    3,
    3,
    3,
    0,
    0,
    3,
    3,
    0,
    3,
    3,
    3,
    2,
    3,
    1,
    0,
    3,
    2,
    2,
    3,
    3,
    2,
    3,
    0,
    1,
    1,
    3,
    3,
    3,
    2,
    3,
    3,
    0,
    3,
    3,
    3,
    3,
    3,
    3,
    2,
    0,
    3,
    3,
    3,
    3,
    1,
    3,
    3,
    3,
    0,
    3,
    3,
    3,
    3,
    1,
    0,
    3,
    3,
    3,
    1,
    2,
    3,
    2,
    0,
    3,
    3,
    2,
    3,
    3,
    3,
    1,
    3,
    1,
    3,
    2,
    3,
    3,
    3,
    1,
    3,
    0,
    3,
    0,
    3,
    0,
    0,
    3
  ],
  "train_accuracy": 0.91875,
  "test_accuracy": 0.9,
  "classification_report": {
    "Cluster 0": {
      "precision": 1.0,
      "recall": 0.7142857142857143,
      "f1-score": 0.8333333333333334,
      "support": 7.0
    },
    "Cluster 1": {
      "precision": 1.0,
      "recall": 0.75,
      "f1-score": 0.8571428571428571,
      "support": 4.0
    },
    "Cluster 2": {
      "precision": 0.75,
      "recall": 1.0,
      "f1-score": 0.8571428571428571,
      "support": 3.0
    },
    "Cluster 3": {
      "precision": 0.8928571428571429,
      "recall": 0.9615384615384616,
      "f1-score": 0.9259259259259259,
      "support": 26.0
    },
    "accuracy": 0.9,
    "macro avg": {
      "precision": 0.9107142857142857,
      "recall": 0.856456043956044,
      "f1-score": 0.8683862433862434,
      "support": 40.0
    },
    "weighted avg": {
      "precision": 0.9116071428571428,
      "recall": 0.9,
      "f1-score": 0.8976851851851851,
      "support": 40.0
    }
  },
  "l1_selected_features_per_cluster": {
    "0": {
      "feature_indices": [
        18248,
        18720,
        18178,
        18187,
        9142,
        2753,
        13553,
        25714
      ],
      "coefficients": [
        -0.30570292472839355,
        0.22744087874889374,
        0.18035219609737396,
        0.08492910116910934,
        0.07574133574962616,
        0.06508877873420715,
        -0.009738033637404442,
        0.0017799444030970335
      ]
    },
    "1": {
      "feature_indices": [
        9055,
        17857,
        32736,
        11029,
        20193
      ],
      "coefficients": [
        0.6638045907020569,
        0.09772512316703796,
        0.01770516112446785,
        -0.00978914089500904,
        0.0013791455421596766
      ]
    },
    "2": {
      "feature_indices": [
        14870
      ],
      "coefficients": [
        0.9256751537322998
      ]
    },
    "3": {
      "feature_indices": [
        12440,
        15254,
        18468,
        275,
        2708,
        9949,
        13553,
        25714,
        11029,
        21956,
        23208,
        11202,
        24297,
        20193,
        17110,
        18248
      ],
      "coefficients": [
        -0.18182842433452606,
        0.11269550770521164,
        0.09854274988174438,
        0.09261567890644073,
        0.07345013320446014,
        0.07119059562683105,
        0.05913126841187477,
        -0.05813547596335411,
        0.04918576031923294,
        0.04145795851945877,
        0.027926266193389893,
        0.02742571383714676,
        0.023784566670656204,
        -0.020454108715057373,
        0.01725960522890091,
        0.015650004148483276
      ]
    }
  },
  "l1_selected_count": 25,
  "differential_features_per_cluster": {
    "0": {
      "n_samples": 35,
      "top_differential_features": [
        25714,
        18720,
        9283,
        2557,
        18187,
        14348,
        17650,
        18178,
        3873,
        16367,
        9142,
        10001,
        32700,
        27897,
        30686,
        8427,
        24655,
        20772,
        20083,
        5813
      ],
      "differential_mean": [
        2.950444221496582,
        2.4278533458709717,
        1.5933289527893066,
        1.428278923034668,
        1.2785965204238892,
        1.1876956224441528,
        1.0756251811981201,
        1.061600685119629,
        0.982072114944458,
        0.9440971612930298,
        0.937312662601471,
        0.907459020614624,
        0.8040444254875183,
        0.7903323769569397,
        0.742314875125885,
        0.7407265901565552,
        0.7310307621955872,
        0.7272156476974487,
        0.7039506435394287,
        0.6664165258407593
      ],
      "mean_in_cluster": [
        4.242894649505615,
        6.231296539306641,
        2.7351889610290527,
        1.8481124639511108,
        1.371595859527588,
        1.436658263206482,
        1.2453374862670898,
        1.3148773908615112,
        1.4268126487731934,
        2.422435760498047,
        0.937312662601471,
        1.029994249343872,
        1.375732421875,
        0.9571722745895386,
        0.9240167737007141,
        1.2578946352005005,
        0.901799201965332,
        0.8591744899749756,
        0.7717364430427551,
        1.6239104270935059
      ],
      "mean_in_other_clusters": [
        1.2924503087997437,
        3.803443193435669,
        1.141860008239746,
        0.4198335111141205,
        0.09299936145544052,
        0.2489626556634903,
        0.16971231997013092,
        0.2532767355442047,
        0.44474053382873535,
        1.478338599205017,
        0.0,
        0.12253519892692566,
        0.5716879963874817,
        0.16683988273143768,
        0.1817019134759903,
        0.5171680450439453,
        0.17076845467090607,
        0.13195884227752686,
        0.0677858218550682,
        0.9574939012527466
      ],
      "firing_rate_in_cluster": [
        0.6571428571428571,
        1.0,
        0.22857142857142856,
        0.22857142857142856,
        0.3142857142857143,
        0.5142857142857142,
        0.34285714285714286,
        0.37142857142857144,
        0.4,
        0.8285714285714286,
        0.11428571428571428,
        0.2571428571428571,
        0.37142857142857144,
        0.2,
        0.17142857142857143,
        0.22857142857142856,
        0.22857142857142856,
        0.14285714285714285,
        0.14285714285714285,
        0.42857142857142855
      ],
      "firing_rate_in_other": [
        0.296969696969697,
        0.9151515151515152,
        0.18181818181818182,
        0.06666666666666667,
        0.024242424242424242,
        0.09090909090909091,
        0.048484848484848485,
        0.09090909090909091,
        0.15151515151515152,
        0.5515151515151515,
        0.0,
        0.030303030303030304,
        0.1696969696969697,
        0.048484848484848485,
        0.048484848484848485,
        0.13333333333333333,
        0.05454545454545454,
        0.024242424242424242,
        0.01818181818181818,
        0.2545454545454545
      ]
    },
    "1": {
      "n_samples": 22,