{
  "model": "meta-llama/Llama-3.1-8B",
  "model_path": "meta-llama/Llama-3.1-8B",
  "layer": 9,
  "sae_path": "llama_scope_lxr_8x:l9r_8x",
  "K": 4,
  "gamma": 0.9,
  "n_graph_nodes": 200,
  "overall_iia": 0.2456281407035176,
  "cluster_iia": {
    "0": 0.9002347417840375,
    "1": 0.9019607843137255,
    "2": 0.9166666666666666,
    "3": 0.058796614047128805
  },
  "cluster_sizes": {
    "0": 72,
    "1": 18,
    "2": 16,
    "3": 94
  },
  "cluster_labels": [
    0,
    3,
    1,
    3,
    0,
    1,
    0,
    0,
    2,
    3,
    3,
    0,
    1,
    3,
    3,
    3,
    0,
    0,
    3,
    0,
    3,
    0,
    0,
    0,
    0,
    0,
    0,
    1,
    0,
    0,
    0,
    3,
    0,
    3,
    3,
    3,
    0,
    3,
    3,
    0,
    3,
    0,
    0,
    2,
    0,
    0,
    0,
    3,
    0,
    3,
    0,
    3,
    0,
    0,
    0,
    0,
    0,
    3,
    3,
    0,
    0,
    1,
    3,
    2,
    0,
    3,
    3,
    0,
    0,
    3,
    3,
    3,
    0,
    1,
    0,
    0,
    0,
    3,
    3,
    0,
    3,
    0,
    0,
    0,
    2,
    3,
    3,
    3,
    0,
    0,
    3,
    1,
    3,
    0,
    2,
    3,
    0,
    3,
    0,
    3,
    1,
    3,
    0,
    0,
    3,
    0,
    2,
    3,
    3,
    0,
    0,
    3,
    3,
    3,
    3,
    3,
    0,
    0,
    0,
    3,
    3,
    0,
    0,
    3,
    0,
    3,
    3,
    1,
    2,
    0,
    3,
    3,
    0,
    3,
    0,
    3,
    2,
    1,
    1,
    3,
    3,
    0,
    0,
    3,
    3,
    2,
    3,
    3,
    3,
    3,
    3,
    3,
    3,
    1,
    3,
    3,
    3,
    2,
    1,
    3,
    3,
    3,
    2,
    3,
    3,
    3,
    3,
    1,
    2,
    3,
    3,
    3,
    1,
    3,
    3,
    3,
    1,
    3,
    3,
    3,
    3,
    3,
    3,
    1,
    2,
    1,
    0,
    0,
    3,
    0,
    3,
    0,
    3,
    0,
    3,
    2,
    2,
    0,
    2,
    3
  ],
  "train_accuracy": 0.8375,
  "test_accuracy": 0.6,
  "classification_report": {
    "Cluster 0": {
      "precision": 0.5,
      "recall": 0.5,
      "f1-score": 0.5,
      "support": 14.0
    },
    "Cluster 1": {
      "precision": 0.5,
      "recall": 0.25,
      "f1-score": 0.3333333333333333,
      "support": 4.0
    },
    "Cluster 2": {
      "precision": 0.0,
      "recall": 0.0,
      "f1-score": 0.0,
      "support": 3.0
    },
    "Cluster 3": {
      "precision": 0.6666666666666666,
      "recall": 0.8421052631578947,
      "f1-score": 0.7441860465116279,
      "support": 19.0
    },
    "accuracy": 0.6,
    "macro avg": {
      "precision": 0.41666666666666663,
      "recall": 0.3980263157894737,
      "f1-score": 0.3943798449612403,
      "support": 40.0
    },
    "weighted avg": {
      "precision": 0.5416666666666666,
      "recall": 0.6,
      "f1-score": 0.5618217054263566,
      "support": 40.0
    }
  },
  "l1_selected_features_per_cluster": {
    "0": {
      "feature_indices": [
        1453,
        23301,
        3028,
        2049,
        31425,
        180,
        951,
        367,
        6433,
        27462,
        11520,
        26719,
        27265,
        10172,
        10481,
        13312,
        5355,
        29129,
        129,
        25740
      ],
      "coefficients": [
        0.24821381270885468,
        0.2136998474597931,
        0.17484667897224426,
        0.12239369004964828,
        -0.11395421624183655,
        -0.1069343313574791,
        0.10219801962375641,
        0.07373543828725815,
        0.046907372772693634,
        -0.04012055695056915,
        0.03322771191596985,
        -0.029767781496047974,
        -0.029684390872716904,
        0.0280570350587368,
        -0.026005223393440247,
        0.023529019206762314,
        0.021623503416776657,
        0.01842283457517624,
        0.015071332454681396,
        -2.230823884019628e-05
      ]
    },
    "1": {
      "feature_indices": [
        31710,
        5355
      ],
      "coefficients": [
        0.45404091477394104,
        -0.023571599274873734
      ]
    },
    "2": {
      "feature_indices": [
        22945,
        12188,
        3950,
        27809,
        19377,
        19111,
        27545,
        5355,
        24669,
        6433,
        20630
      ],
      "coefficients": [
        -0.11286673694849014,
        0.0836850255727768,
        -0.08239006996154785,
        0.05843823030591011,
        0.04801763966679573,
        -0.04572129622101784,
        0.0437421053647995,
        -0.030048515647649765,
        0.02300521358847618,
        -0.004428534302860498,
        -0.002239986089989543
      ]
    },
    "3": {
      "feature_indices": [
        31710,
        17127,
        20630,
        30436,
        9650,
        3950,
        387,
        18190,
        566,
        19377,
        1453,
        7671,
        13682,
        470,
        5407,
        180,
        5355,
        20222,
        10664,
        13067
      ],
      "coefficients": [
        -0.2775946855545044,
        -0.2717466652393341,
        0.16430804133415222,
        -0.14206397533416748,
        -0.13219772279262543,
        0.11650241911411285,
        0.10201220214366913,
        0.09950757771730423,
        0.06978970021009445,
        -0.06420955806970596,
        -0.05884204059839249,
        0.045688167214393616,
        -0.03562980517745018,
        0.030184969305992126,
        0.026424657553434372,
        0.02629675716161728,
        0.02550578862428665,
        0.023073501884937286,
        0.020393535494804382,
        0.009440888650715351
      ]
    }
  },
  "l1_selected_count": 43,
  "differential_features_per_cluster": {
    "0": {
      "n_samples": 72,
      "top_differential_features": [
        2049,
        1453,
        129,
        23301,
        9650,
        29129,
        30436,
        19377,
        951,
        21747,
        367,
        3028,
        10172,
        6433,
        19111,
        28450,
        26912,
        11520,
        27809,
        27490
      ],
      "differential_mean": [
        0.9759111404418945,
        0.9413178563117981,
        0.8482487201690674,
        0.8089442849159241,
        0.7676734924316406,
        0.6905521154403687,
        0.6181026697158813,
        0.6019487380981445,
        0.5791047215461731,
        0.5613962411880493,
        0.5173752307891846,
        0.4966334402561188,
        0.47680962085723877,
        0.3874779939651489,
        0.37729179859161377,
        0.3663824796676636,
        0.3624335825443268,
        0.3322243094444275,
        0.3260641098022461,
        0.32362353801727295
      ],
      "mean_in_cluster": [
        4.4369354248046875,
        1.6235086917877197,
        2.640626907348633,
        0.8089442849159241,
        2.233144760131836,
        1.6351606845855713,
        2.0452375411987305,
        1.0597738027572632,
        0.8783957958221436,
        0.9842129945755005,
        0.9477427005767822,
        0.6041670441627502,
        2.04012393951416,
        1.2381237745285034,
        1.9324498176574707,
        0.5622225403785706,
        0.591655969619751,
        0.8299546241760254,
        5.547016143798828,
        0.5423856377601624
      ],
      "mean_in_other_clusters": [
        3.461024284362793,
        0.6821908354759216,
        1.7923781871795654,
        0.0,
        1.4654712677001953,
        0.9446085691452026,
        1.4271348714828491,
        0.45782503485679626,
        0.29929107427597046,
        0.4228167235851288,
        0.43036743998527527,
        0.10753361135721207,
        1.5633143186569214,
        0.8506457805633545,
        1.555158019065857,
        0.1958400458097458,
        0.2292223870754242,
        0.4977303147315979,
        5.220952033996582,
        0.2187620848417282
      ],